gameId,seasonStageId,startDateEastern,period.current,period.type,period.maxRegular,hTeam.teamId,hTeam.score,vTeam.teamId,vTeam.score
0011900001,1,20190930,4,0,4,1610612745,140,12329,71
0011900002,1,20191004,4,0,4,1610612746,96,1610612745,109
0011900003,1,20191004,5,0,4,1610612758,131,1610612754,132
0011900004,1,20191004,4,0,4,1610612751,137,12332,89
0011900005,1,20191005,4,0,4,1610612754,130,1610612758,106
0011900006,1,20191005,4,0,4,1610612744,101,1610612747,123
0011900007,1,20191005,4,0,4,1610612759,89,1610612753,125
0011900008,1,20191005,4,0,4,1610612762,133,15019,81
0011900009,1,20191006,4,0,4,1610612763,123,93,88
0011900010,1,20191006,4,0,4,1610612738,107,1610612766,106
0011900011,1,20191006,4,0,4,1610612746,127,12329,87
0011900012,1,20191007,4,0,4,1610612739,120,12330,89
0011900013,1,20191007,4,0,4,1610612765,91,1610612753,115
0011900014,1,20191007,4,0,4,1610612764,99,1610612752,104
0011900015,1,20191007,4,0,4,1610612737,109,1610612740,133
0011900016,1,20191007,4,0,4,1610612741,112,1610612749,122
0011900017,1,20191008,4,0,4,1610612761,134,1610612745,129
0011900018,1,20191008,4,0,4,1610612755,144,15018,86
0011900019,1,20191008,4,0,4,1610612748,107,1610612759,89
0011900020,1,20191008,4,0,4,1610612763,108,15020,94
0011900021,1,20191008,4,0,4,1610612760,119,1610612742,104
0011900022,1,20191008,4,0,4,1610612756,111,1610612750,106
0011900023,1,20191008,4,0,4,1610612757,94,1610612743,105
0011900024,1,20191009,4,0,4,1610612765,124,1610612742,117
0011900025,1,20191009,4,0,4,1610612764,137,15018,98
0011900026,1,20191009,4,0,4,1610612737,88,1610612753,97
0011900027,1,20191009,4,0,4,1610612766,94,1610612748,108
0011900028,1,20191009,4,0,4,1610612741,125,1610612740,127
0011900029,1,20191009,4,0,4,1610612749,133,1610612762,99
0011900030,1,20191010,4,0,4,1610612745,118,1610612761,111
0011900031,1,20191010,4,0,4,1610612747,111,1610612751,114
0011900032,1,20191010,4,0,4,1610612760,110,15020,84
0011900033,1,20191010,4,0,4,1610612757,104,93,68
0011900034,1,20191010,4,0,4,1610612758,105,1610612756,88
0011900035,1,20191010,4,0,4,1610612744,143,1610612750,123
0011900036,1,20191010,4,0,4,1610612746,91,1610612743,111
0011900037,1,20191011,4,0,4,1610612765,109,1610612739,105
0011900038,1,20191011,4,0,4,1610612754,105,1610612741,87
0011900039,1,20191011,4,0,4,1610612753,75,1610612738,100
0011900040,1,20191011,4,0,4,1610612766,87,1610612755,100
0011900041,1,20191011,4,0,4,1610612752,99,1610612764,115
0011900042,1,20191011,4,0,4,1610612740,128,1610612762,127
0011900043,1,20191011,4,0,4,1610612742,111,1610612749,118
0011900044,1,20191012,4,0,4,1610612751,91,1610612747,77
0011900045,1,20191012,4,0,4,1610612757,118,1610612756,134
0011900046,1,20191013,4,0,4,1610612738,118,1610612739,72
0011900047,1,20191013,4,0,4,1610612746,118,15016,100
0011900048,1,20191013,4,0,4,1610612759,114,1610612740,123
0011900049,1,20191013,4,0,4,1610612753,94,1610612755,126
0011900050,1,20191013,4,0,4,1610612761,91,1610612741,105
0011900051,1,20191013,4,0,4,1610612764,108,1610612749,115
0011900052,1,20191013,4,0,4,1610612750,131,93,101
0011900053,1,20191014,4,0,4,1610612748,120,1610612737,87
0011900054,1,20191014,4,0,4,1610612763,99,1610612766,120
0011900055,1,20191014,4,0,4,1610612742,107,1610612760,70
0011900057,1,20191014,4,0,4,1610612762,115,1610612758,128
0011900056,1,20191014,4,0,4,1610612756,102,1610612743,107
0011900058,1,20191014,4,0,4,1610612747,104,1610612744,98
0011900059,1,20191015,4,0,4,1610612739,95,1610612738,118
0011900060,1,20191015,4,0,4,1610612754,111,1610612750,119
0011900061,1,20191015,4,0,4,1610612755,106,1610612765,86
0011900062,1,20191016,4,0,4,1610612766,110,1610612765,116
0011900063,1,20191016,4,0,4,1610612752,96,1610612737,100
0011900064,1,20191016,4,0,4,1610612745,114,1610612759,128
0011900065,1,20191016,4,0,4,1610612760,119,1610612763,124
0011900066,1,20191016,4,0,4,1610612762,118,1610612757,126
0011900067,1,20191016,4,0,4,1610612758,124,15016,110
0011900068,1,20191016,4,0,4,1610612747,126,1610612744,93
0011900069,1,20191017,4,0,4,1610612753,98,1610612748,107
0011900070,1,20191017,4,0,4,1610612741,111,1610612737,93
0011900071,1,20191017,4,0,4,1610612749,118,1610612750,96
0011900072,1,20191017,4,0,4,1610612743,110,1610612757,104
0011900073,1,20191017,4,0,4,1610612746,87,1610612742,102
0011900074,1,20191018,4,0,4,1610612755,93,1610612764,112
0011900075,1,20191018,4,0,4,1610612751,107,1610612761,123
0011900076,1,20191018,4,0,4,1610612748,133,1610612745,144
0011900077,1,20191018,4,0,4,1610612752,116,1610612740,117
0011900078,1,20191018,4,0,4,1610612759,104,1610612763,91
0011900079,1,20191018,4,0,4,1610612744,124,1610612747,103
0021900001,2,20191022,5,0,4,1610612761,130,1610612740,122
0021900002,2,20191022,4,0,4,1610612746,112,1610612747,102
0021900003,2,20191023,4,0,4,1610612766,126,1610612741,125
0021900004,2,20191023,4,0,4,1610612754,110,1610612765,119
0021900005,2,20191023,4,0,4,1610612753,94,1610612739,85
0021900006,2,20191023,5,0,4,1610612751,126,1610612750,127
0021900007,2,20191023,4,0,4,1610612748,120,1610612763,101
0021900008,2,20191023,4,0,4,1610612755,107,1610612738,93
0021900009,2,20191023,4,0,4,1610612742,108,1610612764,100
0021900010,2,20191023,4,0,4,1610612759,120,1610612752,111
0021900011,2,20191023,4,0,4,1610612762,100,1610612760,95
0021900012,2,20191023,4,0,4,1610612756,124,1610612758,95
0021900013,2,20191023,4,0,4,1610612757,100,1610612743,108
0021900014,2,20191024,4,0,4,1610612765,100,1610612737,117
0021900015,2,20191024,4,0,4,1610612745,111,1610612749,117
0021900016,2,20191024,4,0,4,1610612744,122,1610612746,141
0021900017,2,20191025,4,0,4,1610612738,112,1610612761,106
0021900018,2,20191025,4,0,4,1610612766,99,1610612750,121
0021900019,2,20191025,4,0,4,1610612751,113,1610612752,109
0021900020,2,20191025,4,0,4,1610612763,102,1610612741,110
0021900021,2,20191025,4,0,4,1610612740,116,1610612742,123
0021900022,2,20191025,4,0,4,1610612760,85,1610612764,97
0021900023,2,20191025,5,0,4,1610612743,108,1610612756,107
0021900024,2,20191025,4,0,4,1610612758,112,1610612757,122
0021900025,2,20191025,4,0,4,1610612747,95,1610612762,86
0021900026,2,20191026,5,0,4,1610612749,126,1610612748,131
0021900027,2,20191026,4,0,4,1610612765,111,1610612755,117
0021900028,2,20191026,4,0,4,1610612737,103,1610612753,99
0021900029,2,20191026,4,0,4,1610612752,95,1610612738,118
0021900030,2,20191026,4,0,4,1610612739,110,1610612754,99
0021900031,2,20191026,4,0,4,1610612741,84,1610612761,108
0021900032,2,20191026,4,0,4,1610612745,126,1610612740,123
0021900033,2,20191026,4,0,4,1610612759,124,1610612764,122
0021900034,2,20191026,4,0,4,1610612762,113,1610612758,81
0021900035,2,20191026,4,0,4,1610612756,130,1610612746,122
0021900036,2,20191027,4,0,4,1610612760,120,1610612744,92
0021900037,2,20191027,5,0,4,1610612763,134,1610612751,133
0021900038,2,20191027,4,0,4,1610612742,119,1610612757,121
0021900039,2,20191027,4,0,4,1610612750,116,1610612748,109
0021900040,2,20191027,4,0,4,1610612747,120,1610612766,101
0021900041,2,20191028,4,0,4,1610612765,96,1610612754,94
0021900042,2,20191028,4,0,4,1610612752,105,1610612741,98
0021900043,2,20191028,4,0,4,1610612737,103,1610612755,105
0021900044,2,20191028,4,0,4,1610612761,104,1610612753,95
0021900045,2,20191028,4,0,4,1610612745,116,1610612760,112
0021900046,2,20191028,4,0,4,1610612749,129,1610612739,112
0021900047,2,20191028,4,0,4,1610612740,123,1610612744,134
0021900048,2,20191028,4,0,4,1610612759,113,1610612757,110
0021900049,2,20191028,4,0,4,1610612756,95,1610612762,96
0021900050,2,20191028,4,0,4,1610612758,94,1610612743,101
0021900051,2,20191028,4,0,4,1610612746,111,1610612766,96
0021900052,2,20191029,4,0,4,1610612748,112,1610612737,97
0021900053,2,20191029,4,0,4,1610612743,106,1610612742,109
0021900054,2,20191029,4,0,4,1610612747,120,1610612763,91
0021900055,2,20191030,4,0,4,1610612739,117,1610612741,111
0021900056,2,20191030,4,0,4,1610612753,95,1610612752,83
0021900057,2,20191030,4,0,4,1610612755,117,1610612750,95
0021900058,2,20191030,4,0,4,1610612738,116,1610612749,105
0021900059,2,20191030,4,0,4,1610612751,108,1610612754,118
0021900060,2,20191030,4,0,4,1610612761,125,1610612765,113
0021900061,2,20191030,4,0,4,1610612764,158,1610612745,159
0021900062,2,20191030,4,0,4,1610612760,99,1610612757,102
0021900063,2,20191030,4,0,4,1610612762,110,1610612746,96
0021900064,2,20191030,4,0,4,1610612758,111,1610612766,118
0021900065,2,20191030,4,0,4,1610612744,110,1610612756,121
0021900066,2,20191031,4,0,4,1610612737,97,1610612748,106
0021900067,2,20191031,4,0,4,1610612740,122,1610612743,107
0021900068,2,20191031,4,0,4,1610612746,103,1610612759,97
0021900069,2,20191101,4,0,4,1610612751,123,1610612745,116
0021900070,2,20191101,4,0,4,1610612754,102,1610612739,95
0021900071,2,20191101,4,0,4,1610612753,91,1610612749,123
0021900072,2,20191101,4,0,4,1610612738,104,1610612752,102
0021900073,2,20191101,4,0,4,1610612741,112,1610612765,106
0021900074,2,20191101,5,0,4,1610612742,110,1610612747,119
0021900075,2,20191101,4,0,4,1610612758,102,1610612762,101
0021900076,2,20191101,4,0,4,1610612744,110,1610612759,127
0021900077,2,20191102,4,0,4,1610612760,115,1610612740,104
0021900078,2,20191102,4,0,4,1610612765,113,1610612751,109
0021900079,2,20191102,4,0,4,1610612753,87,1610612743,91
0021900080,2,20191102,4,0,4,1610612764,109,1610612750,131
0021900081,2,20191102,4,0,4,1610612763,105,1610612756,114
0021900082,2,20191102,4,0,4,1610612749,115,1610612761,105
0021900083,2,20191102,4,0,4,1610612744,87,1610612766,93
0021900084,2,20191102,4,0,4,1610612757,128,1610612755,129
0021900085,2,20191103,4,0,4,1610612754,108,1610612741,95
0021900086,2,20191103,4,0,4,1610612748,129,1610612745,100
0021900087,2,20191103,4,0,4,1610612752,92,1610612758,113
0021900088,2,20191103,4,0,4,1610612759,96,1610612747,103
0021900089,2,20191103,4,0,4,1610612739,111,1610612742,131
0021900090,2,20191103,4,0,4,1610612746,105,1610612762,94
0021900091,2,20191104,4,0,4,1610612764,115,1610612765,99
0021900092,2,20191104,4,0,4,1610612751,135,1610612740,125
0021900093,2,20191104,4,0,4,1610612763,100,1610612745,107
0021900094,2,20191104,4,0,4,1610612750,106,1610612749,134
0021900095,2,20191104,4,0,4,1610612756,114,1610612755,109
0021900096,2,20191104,4,0,4,1610612744,127,1610612757,118
0021900097,2,20191105,5,0,4,1610612766,122,1610612754,120
0021900098,2,20191105,4,0,4,1610612739,113,1610612738,119
0021900099,2,20191105,4,0,4,1610612737,108,1610612759,100
0021900100,2,20191105,4,0,4,1610612741,112,1610612747,118
0021900101,2,20191105,4,0,4,1610612760,102,1610612753,94
0021900102,2,20191105,4,0,4,1610612743,109,1610612748,89
0021900103,2,20191106,4,0,4,1610612765,122,1610612752,102
0021900104,2,20191106,4,0,4,1610612754,121,1610612764,106
0021900105,2,20191106,4,0,4,1610612737,93,1610612741,113
0021900106,2,20191106,4,0,4,1610612761,124,1610612758,120
0021900107,2,20191106,4,0,4,1610612745,129,1610612744,112
0021900108,2,20191106,4,0,4,1610612763,137,1610612750,121
0021900109,2,20191106,4,0,4,1610612742,107,1610612753,106
0021900110,2,20191106,4,0,4,1610612762,106,1610612755,104
0021900111,2,20191106,4,0,4,1610612746,124,1610612749,129
0021900112,2,20191107,4,0,4,1610612766,87,1610612738,108
0021900113,2,20191107,4,0,4,1610612759,121,1610612760,112
0021900114,2,20191107,4,0,4,1610612756,108,1610612748,124
0021900115,2,20191107,4,0,4,1610612746,107,1610612757,101
0021900116,2,20191108,4,0,4,1610612754,112,1610612765,106
0021900117,2,20191108,4,0,4,1610612753,118,1610612763,86
0021900118,2,20191108,4,0,4,1610612764,100,1610612739,113
0021900119,2,20191108,4,0,4,1610612737,109,1610612758,121
0021900120,2,20191108,5,0,4,1610612750,125,1610612744,119
0021900121,2,20191108,4,0,4,1610612740,104,1610612761,122
0021900122,2,20191108,4,0,4,1610612742,102,1610612752,106
0021900123,2,20191108,4,0,4,1610612743,100,1610612755,97
0021900124,2,20191108,4,0,4,1610612762,103,1610612749,100
0021900125,2,20191108,4,0,4,1610612757,115,1610612751,119
0021900126,2,20191108,4,0,4,1610612747,95,1610612748,80
0021900127,2,20191109,4,0,4,1610612759,115,1610612738,135
0021900128,2,20191109,4,0,4,1610612766,110,1610612740,115
0021900129,2,20191109,4,0,4,1610612741,94,1610612745,117
0021900130,2,20191109,4,0,4,1610612763,122,1610612742,138
0021900131,2,20191109,4,0,4,1610612760,114,1610612744,108
0021900132,2,20191110,5,0,4,1610612750,98,1610612743,100
0021900133,2,20191110,4,0,4,1610612753,102,1610612754,109
0021900134,2,20191110,4,0,4,1610612755,114,1610612766,106
0021900135,2,20191110,4,0,4,1610612760,119,1610612749,121
0021900136,2,20191110,4,0,4,1610612752,87,1610612739,108
0021900137,2,20191110,4,0,4,1610612756,138,1610612751,112
0021900138,2,20191110,5,0,4,1610612757,124,1610612737,113
0021900139,2,20191110,4,0,4,1610612747,104,1610612761,113
0021900140,2,20191111,4,0,4,1610612765,114,1610612750,120
0021900141,2,20191111,4,0,4,1610612738,116,1610612742,106
0021900143,2,20191111,4,0,4,1610612759,109,1610612763,113
0021900142,2,20191111,4,0,4,1610612740,116,1610612745,122
0021900144,2,20191111,4,0,4,1610612744,108,1610612762,122
0021900145,2,20191111,4,0,4,1610612746,98,1610612761,88
0021900146,2,20191112,4,0,4,1610612754,111,1610612760,85
0021900147,2,20191112,4,0,4,1610612755,98,1610612739,97
0021900148,2,20191112,4,0,4,1610612748,117,1610612765,108
0021900149,2,20191112,4,0,4,1610612741,120,1610612752,102
0021900150,2,20191112,4,0,4,1610612743,121,1610612737,125
0021900151,2,20191112,4,0,4,1610612756,115,1610612747,123
0021900152,2,20191112,4,0,4,1610612762,119,1610612751,114
0021900153,2,20191112,4,0,4,1610612758,107,1610612757,99
0021900154,2,20191113,4,0,4,1610612766,117,1610612763,119
0021900155,2,20191113,4,0,4,1610612753,112,1610612755,97
0021900156,2,20191113,4,0,4,1610612738,140,1610612764,133
0021900157,2,20191113,4,0,4,1610612745,102,1610612746,93
0021900158,2,20191113,4,0,4,1610612750,129,1610612759,114
0021900159,2,20191113,4,0,4,1610612747,120,1610612744,94
0021900160,2,20191113,4,0,4,1610612757,106,1610612761,114
0021900161,2,20191114,4,0,4,1610612739,97,1610612748,108
0021900162,2,20191114,4,0,4,1610612752,106,1610612742,103
0021900163,2,20191114,4,0,4,1610612749,124,1610612741,115
0021900164,2,20191114,4,0,4,1610612740,132,1610612746,127
0021900165,2,20191114,4,0,4,1610612756,128,1610612737,112
0021900166,2,20191114,4,0,4,1610612743,101,1610612751,93
0021900167,2,20191115,4,0,4,1610612766,109,1610612765,106
0021900168,2,20191115,4,0,4,1610612753,111,1610612759,109
0021900169,2,20191115,4,0,4,1610612745,111,1610612754,102
0021900170,2,20191115,4,0,4,1610612763,107,1610612762,106
0021900171,2,20191115,4,0,4,1610612750,116,1610612764,137
0021900172,2,20191115,5,0,4,1610612760,127,1610612755,119
0021900173,2,20191115,4,0,4,1610612744,100,1610612738,105
0021900174,2,20191115,4,0,4,1610612747,99,1610612758,97
0021900175,2,20191116,4,0,4,1610612741,111,1610612751,117
0021900176,2,20191116,4,0,4,1610612754,83,1610612749,102
0021900177,2,20191116,4,0,4,1610612752,102,1610612766,103
0021900178,2,20191116,4,0,4,1610612748,109,1610612740,94
0021900179,2,20191116,4,0,4,1610612750,105,1610612745,125
0021900180,2,20191116,4,0,4,1610612742,110,1610612761,102
0021900181,2,20191116,4,0,4,1610612759,116,1610612757,121
0021900182,2,20191116,4,0,4,1610612746,150,1610612737,101
0021900183,2,20191117,4,0,4,1610612739,95,1610612755,114
0021900184,2,20191117,4,0,4,1610612758,100,1610612738,99
0021900185,2,20191117,4,0,4,1610612753,125,1610612764,121
0021900186,2,20191117,4,0,4,1610612763,114,1610612743,131
0021900187,2,20191117,4,0,4,1610612740,108,1610612744,100
0021900188,2,20191117,4,0,4,1610612747,122,1610612737,101
0021900189,2,20191118,4,0,4,1610612752,123,1610612739,105
0021900190,2,20191118,4,0,4,1610612751,86,1610612754,115
0021900191,2,20191118,4,0,4,1610612761,132,1610612766,96
0021900192,2,20191118,4,0,4,1610612741,101,1610612749,115
0021900193,2,20191118,4,0,4,1610612745,132,1610612757,108
0021900194,2,20191118,4,0,4,1610612742,117,1610612759,110
0021900195,2,20191118,4,0,4,1610612756,85,1610612738,99
0021900196,2,20191118,4,0,4,1610612762,102,1610612750,112
0021900197,2,20191118,4,0,4,1610612746,90,1610612760,88
0021900198,2,20191119,4,0,4,1610612763,95,1610612744,114
0021900199,2,20191119,4,0,4,1610612740,115,1610612757,104
0021900200,2,20191119,4,0,4,1610612758,120,1610612756,116
0021900201,2,20191119,4,0,4,1610612747,112,1610612760,107
0021900202,2,20191120,4,0,4,1610612755,109,1610612752,104
0021900203,2,20191120,4,0,4,1610612764,138,1610612759,132
0021900204,2,20191120,4,0,4,1610612737,127,1610612749,135
0021900205,2,20191120,4,0,4,1610612751,101,1610612766,91
0021900206,2,20191120,4,0,4,1610612748,124,1610612739,100
0021900207,2,20191120,4,0,4,1610612761,113,1610612753,97
0021900208,2,20191120,4,0,4,1610612742,142,1610612744,94
0021900209,2,20191120,4,0,4,1610612741,109,1610612765,89
0021900210,2,20191120,4,0,4,1610612750,95,1610612762,103
0021900211,2,20191120,4,0,4,1610612743,105,1610612745,95
0021900212,2,20191120,5,0,4,1610612746,107,1610612738,104
0021900213,2,20191121,4,0,4,1610612749,137,1610612757,129
0021900214,2,20191121,4,0,4,1610612756,121,1610612740,124
0021900215,2,20191122,4,0,4,1610612765,128,1610612737,103
0021900216,2,20191122,4,0,4,1610612764,125,1610612766,118
0021900217,2,20191122,4,0,4,1610612751,116,1610612758,97
0021900218,2,20191122,4,0,4,1610612755,115,1610612759,104
0021900219,2,20191122,4,0,4,1610612741,108,1610612748,116
0021900220,2,20191122,4,0,4,1610612760,127,1610612747,130
0021900221,2,20191122,4,0,4,1610612742,143,1610612739,101
0021900222,2,20191122,4,0,4,1610612743,96,1610612738,92
0021900223,2,20191122,4,0,4,1610612762,113,1610612744,109
0021900224,2,20191122,4,0,4,1610612746,122,1610612745,119
0021900225,2,20191123,4,0,4,1610612750,98,1610612756,100
0021900226,2,20191123,4,0,4,1610612766,115,1610612741,116
0021900227,2,20191123,4,0,4,1610612754,111,1610612753,106
0021900228,2,20191123,4,0,4,1610612737,116,1610612761,119
0021900229,2,20191123,4,0,4,1610612752,104,1610612759,111
0021900230,2,20191123,4,0,4,1610612755,113,1610612748,86
0021900231,2,20191123,4,0,4,1610612739,110,1610612757,104
0021900232,2,20191123,4,0,4,1610612763,108,1610612747,109
0021900233,2,20191123,4,0,4,1610612749,104,1610612765,90
0021900234,2,20191123,4,0,4,1610612762,128,1610612740,120
0021900235,2,20191124,4,0,4,1610612745,123,1610612742,137
0021900236,2,20191124,4,0,4,1610612752,101,1610612751,103
0021900237,2,20191124,4,0,4,1610612764,106,1610612758,113
0021900238,2,20191124,4,0,4,1610612743,116,1610612756,104
0021900239,2,20191124,4,0,4,1610612746,134,1610612740,109
0021900240,2,20191125,4,0,4,1610612739,106,1610612751,108
0021900241,2,20191125,4,0,4,1610612765,103,1610612753,88
0021900242,2,20191125,4,0,4,1610612754,126,1610612763,114
0021900243,2,20191125,4,0,4,1610612737,113,1610612750,125
0021900244,2,20191125,4,0,4,1610612738,103,1610612758,102
0021900245,2,20191125,4,0,4,1610612748,117,1610612766,100
0021900246,2,20191125,4,0,4,1610612761,101,1610612755,96
0021900247,2,20191125,4,0,4,1610612741,94,1610612757,117
0021900248,2,20191125,4,0,4,1610612749,122,1610612762,118
0021900249,2,20191125,4,0,4,1610612759,104,1610612747,114
0021900250,2,20191125,4,0,4,1610612744,97,1610612760,100
0021900251,2,20191126,4,0,4,1610612742,99,1610612746,114
0021900252,2,20191126,4,0,4,1610612743,117,1610612764,104
0021900253,2,20191127,4,0,4,1610612738,121,1610612751,110
0021900254,2,20191127,4,0,4,1610612766,102,1610612765,101
0021900255,2,20191127,4,0,4,1610612739,104,1610612753,116
0021900256,2,20191127,4,0,4,1610612754,121,1610612762,102
0021900257,2,20191127,4,0,4,1610612755,97,1610612758,91
0021900258,2,20191127,4,0,4,1610612761,126,1610612752,98
0021900259,2,20191127,4,0,4,1610612745,117,1610612748,108
0021900260,2,20191127,4,0,4,1610612763,119,1610612746,121
0021900261,2,20191127,4,0,4,1610612749,111,1610612737,102
0021900262,2,20191127,4,0,4,1610612759,101,1610612750,113
0021900263,2,20191127,4,0,4,1610612756,132,1610612764,140
0021900264,2,20191127,4,0,4,1610612740,110,1610612747,114
0021900265,2,20191127,4,0,4,1610612757,136,1610612760,119
0021900266,2,20191127,4,0,4,1610612744,104,1610612741,90
0021900267,2,20191129,4,0,4,1610612751,112,1610612738,107
0021900268,2,20191129,4,0,4,1610612765,107,1610612766,110
0021900269,2,20191129,4,0,4,1610612753,83,1610612761,90
0021900270,2,20191129,4,0,4,1610612739,110,1610612749,119
0021900271,2,20191129,4,0,4,1610612752,95,1610612755,101
0021900272,2,20191129,5,0,4,1610612754,105,1610612737,104
0021900273,2,20191129,4,0,4,1610612748,122,1610612744,105
0021900274,2,20191129,4,0,4,1610612763,94,1610612762,103
0021900275,2,20191129,4,0,4,1610612760,109,1610612740,104
0021900276,2,20191129,4,0,4,1610612759,107,1610612746,97
0021900277,2,20191129,4,0,4,1610612756,113,1610612742,120
0021900278,2,20191129,4,0,4,1610612757,107,1610612741,103
0021900279,2,20191129,4,0,4,1610612747,125,1610612764,103
0021900280,2,20191130,5,0,4,1610612758,100,1610612743,97
0021900281,2,20191130,4,0,4,1610612755,119,1610612754,116
0021900282,2,20191130,4,0,4,1610612745,158,1610612737,111
0021900283,2,20191130,4,0,4,1610612749,137,1610612766,96
0021900284,2,20191201,4,0,4,1610612751,106,1610612748,109
0021900285,2,20191201,4,0,4,1610612752,104,1610612738,113
0021900286,2,20191201,4,0,4,1610612750,107,1610612763,115
0021900287,2,20191201,4,0,4,1610612747,100,1610612742,114
0021900288,2,20191201,4,0,4,1610612765,132,1610612759,98
0021900289,2,20191201,4,0,4,1610612740,104,1610612760,107
0021900290,2,20191201,4,0,4,1610612753,100,1610612744,96
0021900291,2,20191201,4,0,4,1610612761,130,1610612762,110
0021900292,2,20191201,4,0,4,1610612746,150,1610612764,125
0021900293,2,20191202,4,0,4,1610612766,104,1610612756,109
0021900294,2,20191202,4,0,4,1610612755,103,1610612762,94
0021900295,2,20191202,4,0,4,1610612737,104,1610612744,79
0021900296,2,20191202,4,0,4,1610612763,104,1610612754,117
0021900297,2,20191202,4,0,4,1610612749,132,1610612752,88
0021900298,2,20191202,4,0,4,1610612758,106,1610612741,113
0021900299,2,20191203,4,0,4,1610612739,94,1610612765,127
0021900300,2,20191203,4,0,4,1610612764,120,1610612753,127
0021900301,2,20191203,5,0,4,1610612761,110,1610612748,121
0021900302,2,20191203,4,0,4,1610612740,97,1610612742,118
0021900303,2,20191203,6,0,4,1610612759,135,1610612745,133
0021900304,2,20191203,4,0,4,1610612743,96,1610612747,105
0021900305,2,20191203,4,0,4,1610612746,117,1610612757,97
0021900306,2,20191204,4,0,4,1610612766,106,1610612744,91
0021900307,2,20191204,4,0,4,1610612765,103,1610612749,127
0021900308,2,20191204,4,0,4,1610612753,128,1610612756,114
0021900309,2,20191204,4,0,4,1610612737,118,1610612751,130
0021900310,2,20191204,4,0,4,1610612738,112,1610612748,93
0021900311,2,20191204,4,0,4,1610612741,106,1610612763,99
0021900312,2,20191204,4,0,4,1610612760,100,1610612754,107
0021900313,2,20191204,4,0,4,1610612742,121,1610612750,114
0021900314,2,20191204,4,0,4,1610612762,96,1610612747,121
0021900315,2,20191204,4,0,4,1610612757,127,1610612758,116
0021900316,2,20191205,4,0,4,1610612764,119,1610612755,113
0021900317,2,20191205,4,0,4,1610612752,92,1610612743,129
0021900318,2,20191205,4,0,4,1610612761,109,1610612745,119
0021900319,2,20191205,5,0,4,1610612740,132,1610612756,139
0021900320,2,20191206,4,0,4,1610612766,104,1610612751,111
0021900321,2,20191206,4,0,4,1610612739,87,1610612753,93
0021900322,2,20191206,4,0,4,1610612765,108,1610612754,101
0021900323,2,20191206,4,0,4,1610612738,108,1610612743,95
0021900324,2,20191206,4,0,4,1610612748,112,1610612764,103
0021900325,2,20191206,4,0,4,1610612741,98,1610612744,100
0021900326,2,20191206,5,0,4,1610612760,139,1610612750,127
0021900327,2,20191206,4,0,4,1610612749,119,1610612746,91
0021900328,2,20191206,5,0,4,1610612759,105,1610612758,104
0021900329,2,20191206,4,0,4,1610612757,113,1610612747,136
0021900330,2,20191207,4,0,4,1610612742,130,1610612740,84
0021900331,2,20191207,4,0,4,1610612752,103,1610612754,104
0021900332,2,20191207,4,0,4,1610612755,141,1610612739,94
0021900333,2,20191207,4,0,4,1610612745,115,1610612756,109
0021900334,2,20191207,4,0,4,1610612762,126,1610612763,112
0021900335,2,20191208,4,0,4,1610612751,105,1610612743,102
0021900336,2,20191208,4,0,4,1610612766,107,1610612737,122
0021900337,2,20191208,5,0,4,1610612748,110,1610612741,105
0021900338,2,20191208,4,0,4,1610612755,110,1610612761,104
0021900339,2,20191208,4,0,4,1610612764,119,1610612746,135
0021900340,2,20191208,4,0,4,1610612742,106,1610612758,110
0021900341,2,20191208,4,0,4,1610612757,96,1610612760,108
0021900342,2,20191208,4,0,4,1610612747,142,1610612750,125
0021900343,2,20191209,4,0,4,1610612754,99,1610612746,110
0021900344,2,20191209,4,0,4,1610612738,110,1610612739,88
0021900345,2,20191209,4,0,4,1610612741,92,1610612761,93
0021900346,2,20191209,4,0,4,1610612745,118,1610612758,119
0021900347,2,20191209,4,0,4,1610612749,110,1610612753,101
0021900348,2,20191209,4,0,4,1610612740,103,1610612765,105
0021900349,2,20191209,4,0,4,1610612756,125,1610612750,109
0021900350,2,20191209,4,0,4,1610612762,90,1610612760,104
0021900351,2,20191209,4,0,4,1610612744,102,1610612763,110
0021900352,2,20191210,4,0,4,1610612766,114,1610612764,107
0021900353,2,20191210,4,0,4,1610612755,97,1610612743,92
0021900354,2,20191210,5,0,4,1610612748,135,1610612737,121
0021900355,2,20191210,4,0,4,1610612757,115,1610612752,87
0021900356,2,20191211,4,0,4,1610612739,110,1610612745,116
0021900357,2,20191211,4,0,4,1610612754,122,1610612738,117
0021900358,2,20191211,4,0,4,1610612753,87,1610612747,96
0021900359,2,20191211,4,0,4,1610612761,92,1610612746,112
0021900360,2,20191211,4,0,4,1610612751,108,1610612766,113
0021900361,2,20191211,4,0,4,1610612741,136,1610612737,102
0021900362,2,20191211,4,0,4,1610612750,116,1610612762,127
0021900363,2,20191211,4,0,4,1610612756,108,1610612763,115
0021900364,2,20191211,4,0,4,1610612749,127,1610612740,112
0021900365,2,20191211,4,0,4,1610612758,94,1610612760,93
0021900366,2,20191211,5,0,4,1610612744,122,1610612752,124
0021900367,2,20191212,4,0,4,1610612738,109,1610612755,115
0021900368,2,20191212,5,0,4,1610612759,109,1610612739,117
0021900369,2,20191212,4,0,4,1610612765,111,1610612742,122
0021900370,2,20191212,4,0,4,1610612743,114,1610612757,99
0021900371,2,20191213,4,0,4,1610612753,107,1610612745,130
0021900372,2,20191213,4,0,4,1610612755,116,1610612740,109
0021900374,2,20191213,4,0,4,1610612748,110,1610612747,113
0021900373,2,20191213,4,0,4,1610612737,100,1610612754,110
0021900375,2,20191213,4,0,4,1610612741,73,1610612766,83
0021900376,2,20191213,4,0,4,1610612763,114,1610612749,127
0021900379,2,20191213,4,0,4,1610612762,114,1610612744,106
0021900377,2,20191213,4,0,4,1610612750,117,1610612746,124
0021900378,2,20191213,4,0,4,1610612758,101,1610612752,103
0021900380,2,20191214,5,0,4,1610612756,119,1610612759,121
0021900381,2,20191214,4,0,4,1610612761,110,1610612751,102
0021900382,2,20191214,4,0,4,1610612741,109,1610612746,106
0021900383,2,20191214,4,0,4,1610612763,128,1610612764,111
0021900384,2,20191214,5,0,4,1610612742,118,1610612748,122
0021900385,2,20191214,4,0,4,1610612749,125,1610612739,108
0021900386,2,20191214,4,0,4,1610612745,107,1610612765,115
0021900387,2,20191214,4,0,4,1610612743,110,1610612760,102
0021900388,2,20191215,4,0,4,1610612740,119,1610612753,130
0021900389,2,20191215,4,0,4,1610612754,107,1610612766,85
0021900390,2,20191215,4,0,4,1610612737,96,1610612747,101
0021900391,2,20191215,4,0,4,1610612751,109,1610612755,89
0021900392,2,20191215,4,0,4,1610612743,111,1610612752,105
0021900393,2,20191215,4,0,4,1610612744,79,1610612758,100
0021900394,2,20191216,4,0,4,1610612765,119,1610612764,133
0021900395,2,20191216,4,0,4,1610612761,133,1610612739,113
0021900396,2,20191216,4,0,4,1610612745,109,1610612759,107
0021900397,2,20191216,4,0,4,1610612763,118,1610612748,111
0021900398,2,20191216,4,0,4,1610612749,116,1610612742,120
0021900399,2,20191216,4,0,4,1610612760,109,1610612741,106
0021900400,2,20191216,4,0,4,1610612756,110,1610612757,111
0021900401,2,20191217,4,0,4,1610612766,110,1610612758,102
0021900402,2,20191217,4,0,4,1610612754,105,1610612747,102
0021900403,2,20191217,4,0,4,1610612752,143,1610612737,120
0021900404,2,20191217,5,0,4,1610612740,101,1610612751,108
0021900405,2,20191217,4,0,4,1610612762,109,1610612753,102
0021900406,2,20191217,4,0,4,1610612746,120,1610612756,99
0021900407,2,20191218,4,0,4,1610612739,100,1610612766,98
0021900408,2,20191218,4,0,4,1610612765,99,1610612761,112
0021900409,2,20191218,5,0,4,1610612764,109,1610612741,110
0021900410,2,20191218,4,0,4,1610612755,104,1610612748,108
0021900411,2,20191218,4,0,4,1610612750,99,1610612740,107
0021900412,2,20191218,4,0,4,1610612760,126,1610612763,122
0021900414,2,20191218,4,0,4,1610612743,113,1610612753,104
0021900413,2,20191218,4,0,4,1610612742,103,1610612738,109
0021900415,2,20191218,4,0,4,1610612757,122,1610612744,112
0021900416,2,20191219,4,0,4,1610612737,106,1610612762,111
0021900417,2,20191219,4,0,4,1610612749,111,1610612747,104
0021900418,2,20191219,4,0,4,1610612759,118,1610612751,105
0021900419,2,20191219,4,0,4,1610612746,117,1610612745,122
0021900420,2,20191220,4,0,4,1610612739,114,1610612763,107
0021900421,2,20191220,4,0,4,1610612754,119,1610612758,105
0021900422,2,20191220,4,0,4,1610612738,114,1610612765,93
0021900423,2,20191220,4,0,4,1610612761,122,1610612764,118
0021900424,2,20191220,4,0,4,1610612748,129,1610612752,114
0021900425,2,20191220,4,0,4,1610612755,98,1610612742,117
0021900426,2,20191220,4,0,4,1610612760,126,1610612756,108
0021900427,2,20191220,4,0,4,1610612743,109,1610612750,100
0021900428,2,20191220,4,0,4,1610612757,118,1610612753,103
0021900429,2,20191220,4,0,4,1610612744,106,1610612740,102
0021900430,2,20191221,4,0,4,1610612766,107,1610612762,114
0021900431,2,20191221,4,0,4,1610612751,122,1610612737,112
0021900432,2,20191221,4,0,4,1610612765,107,1610612741,119
0021900433,2,20191221,4,0,4,1610612755,125,1610612764,108
0021900434,2,20191221,4,0,4,1610612752,102,1610612749,123
0021900435,2,20191221,4,0,4,1610612763,119,1610612758,115
0021900436,2,20191221,4,0,4,1610612759,109,1610612746,134
0021900437,2,20191221,4,0,4,1610612756,125,1610612745,139
0021900438,2,20191221,4,0,4,1610612757,113,1610612750,106
0021900439,2,20191222,4,0,4,1610612761,110,1610612742,107
0021900440,2,20191222,4,0,4,1610612738,119,1610612766,93
0021900441,2,20191222,4,0,4,1610612749,117,1610612754,89
0021900442,2,20191222,4,0,4,1610612760,118,1610612746,112
0021900443,2,20191222,4,0,4,1610612747,104,1610612743,128
0021900444,2,20191223,4,0,4,1610612739,121,1610612737,118
0021900445,2,20191223,4,0,4,1610612765,109,1610612755,125
0021900446,2,20191223,5,0,4,1610612754,120,1610612761,115
0021900447,2,20191223,4,0,4,1610612752,115,1610612764,121
0021900448,2,20191223,4,0,4,1610612753,103,1610612741,95
0021900449,2,20191223,4,0,4,1610612748,107,1610612762,104
0021900450,2,20191223,4,0,4,1610612763,115,1610612759,145
0021900451,2,20191223,4,0,4,1610612756,111,1610612743,113
0021900452,2,20191223,4,0,4,1610612757,94,1610612740,102
0021900453,2,20191223,4,0,4,1610612758,104,1610612745,113
0021900454,2,20191223,4,0,4,1610612744,113,1610612750,104
0021900455,2,20191225,4,0,4,1610612761,102,1610612738,118
0021900456,2,20191225,4,0,4,1610612755,121,1610612749,109
0021900457,2,20191225,4,0,4,1610612744,116,1610612745,104
0021900458,2,20191225,4,0,4,1610612747,106,1610612746,111
0021900459,2,20191225,4,0,4,1610612743,100,1610612740,112
0021900460,2,20191226,4,0,4,1610612765,132,1610612764,102
0021900461,2,20191226,4,0,4,1610612751,82,1610612752,94
0021900462,2,20191226,4,0,4,1610612760,97,1610612763,110
0021900463,2,20191226,4,0,4,1610612742,102,1610612759,98
0021900464,2,20191226,6,0,4,1610612758,104,1610612750,105
0021900465,2,20191226,4,0,4,1610612762,121,1610612757,115
0021900466,2,20191227,4,0,4,1610612738,129,1610612739,117
0021900467,2,20191227,5,0,4,1610612766,102,1610612760,104
0021900468,2,20191227,4,0,4,1610612753,98,1610612755,97
0021900469,2,20191227,4,0,4,1610612737,86,1610612749,112
0021900470,2,20191227,4,0,4,1610612748,113,1610612754,112
0021900471,2,20191227,4,0,4,1610612744,105,1610612756,96
0021900472,2,20191228,4,0,4,1610612743,119,1610612763,110
0021900473,2,20191228,4,0,4,1610612738,97,1610612761,113
0021900474,2,20191228,4,0,4,1610612740,120,1610612754,98
0021900475,2,20191228,5,0,4,1610612748,117,1610612755,116
0021900476,2,20191228,4,0,4,1610612764,100,1610612752,107
0021900477,2,20191228,4,0,4,1610612741,116,1610612737,81
0021900478,2,20191228,4,0,4,1610612745,108,1610612751,98
0021900479,2,20191228,4,0,4,1610612750,88,1610612739,94
0021900480,2,20191228,4,0,4,1610612749,111,1610612753,100
0021900481,2,20191228,4,0,4,1610612759,136,1610612765,109
0021900482,2,20191228,4,0,4,1610612744,121,1610612742,141
0021900483,2,20191228,4,0,4,1610612758,110,1610612756,112
0021900484,2,20191228,4,0,4,1610612757,120,1610612747,128
0021900485,2,20191228,4,0,4,1610612746,107,1610612762,120
0021900486,2,20191229,4,0,4,1610612761,97,1610612760,98
0021900487,2,20191229,4,0,4,1610612763,117,1610612766,104
0021900488,2,20191229,4,0,4,1610612740,127,1610612745,112
0021900489,2,20191229,4,0,4,1610612743,120,1610612758,115
0021900490,2,20191229,4,0,4,1610612747,108,1610612742,95
0021900491,2,20191230,4,0,4,1610612753,93,1610612737,101
0021900492,2,20191230,4,0,4,1610612764,123,1610612748,105
0021900493,2,20191230,4,0,4,1610612741,102,1610612749,123
0021900494,2,20191230,5,0,4,1610612750,122,1610612751,115
0021900495,2,20191230,4,0,4,1610612762,104,1610612765,81
0021900496,2,20191230,4,0,4,1610612757,116,1610612756,122
0021900497,2,20191231,4,0,4,1610612766,92,1610612738,109
0021900498,2,20191231,4,0,4,1610612754,115,1610612755,97
0021900499,2,20191231,4,0,4,1610612758,87,1610612746,105
0021900500,2,20191231,4,0,4,1610612761,117,1610612739,97
0021900501,2,20191231,4,0,4,1610612745,130,1610612743,104
0021900502,2,20191231,5,0,4,1610612759,117,1610612744,113
0021900503,2,20191231,4,0,4,1610612760,106,1610612742,101
0021900504,2,20200101,4,0,4,1610612764,101,1610612753,122
0021900505,2,20200101,4,0,4,1610612752,117,1610612757,93
0021900506,2,20200101,4,0,4,1610612749,106,1610612750,104
0021900507,2,20200101,4,0,4,1610612747,117,1610612756,107
0021900508,2,20200102,4,0,4,1610612739,106,1610612766,109
0021900509,2,20200102,4,0,4,1610612754,116,1610612743,124
0021900510,2,20200102,4,0,4,1610612748,84,1610612761,76
0021900511,2,20200102,4,0,4,1610612741,98,1610612762,102
0021900512,2,20200102,4,0,4,1610612750,99,1610612744,84
0021900513,2,20200102,4,0,4,1610612742,123,1610612751,111
0021900514,2,20200102,4,0,4,1610612759,103,1610612760,109
0021900515,2,20200102,4,0,4,1610612758,128,1610612763,123
0021900516,2,20200102,4,0,4,1610612746,126,1610612765,112
0021900517,2,20200103,4,0,4,1610612738,109,1610612737,106
0021900518,2,20200103,4,0,4,1610612753,105,1610612748,85
0021900519,2,20200103,4,0,4,1610612764,103,1610612757,122
0021900520,2,20200103,4,0,4,1610612745,118,1610612755,108
0021900521,2,20200103,4,0,4,1610612756,120,1610612752,112
0021900522,2,20200103,4,0,4,1610612747,123,1610612740,113
0021900523,2,20200104,4,0,4,1610612746,114,1610612763,140
0021900524,2,20200104,4,0,4,1610612751,102,1610612761,121
0021900525,2,20200104,4,0,4,1610612753,96,1610612762,109
0021900526,2,20200104,4,0,4,1610612737,116,1610612754,111
0021900527,2,20200104,4,0,4,1610612739,106,1610612760,121
0021900528,2,20200104,4,0,4,1610612764,128,1610612743,114
0021900529,2,20200104,4,0,4,1610612741,104,1610612738,111
0021900530,2,20200104,5,0,4,1610612742,120,1610612766,123
0021900531,2,20200104,4,0,4,1610612749,127,1610612759,118
0021900532,2,20200104,4,0,4,1610612744,104,1610612765,111
0021900533,2,20200104,4,0,4,1610612758,115,1610612740,117
0021900534,2,20200105,4,0,4,1610612746,135,1610612752,132
0021900535,2,20200105,4,0,4,1610612748,122,1610612757,111
0021900536,2,20200105,4,0,4,1610612739,103,1610612750,118
0021900537,2,20200105,4,0,4,1610612756,114,1610612763,121
0021900538,2,20200105,4,0,4,1610612747,106,1610612765,99
0021900539,2,20200106,4,0,4,1610612766,104,1610612754,115
0021900540,2,20200106,4,0,4,1610612753,101,1610612751,89
0021900541,2,20200106,4,0,4,1610612755,120,1610612760,113
0021900542,2,20200106,4,0,4,1610612764,99,1610612738,94
0021900543,2,20200106,4,0,4,1610612737,115,1610612743,123
0021900544,2,20200106,4,0,4,1610612740,126,1610612762,128
0021900545,2,20200106,4,0,4,1610612742,118,1610612741,110
0021900546,2,20200106,4,0,4,1610612759,126,1610612749,104
0021900547,2,20200106,4,0,4,1610612758,111,1610612744,98
0021900548,2,20200107,4,0,4,1610612739,113,1610612765,115
0021900549,2,20200107,4,0,4,1610612761,99,1610612757,101
0021900550,2,20200107,5,0,4,1610612751,103,1610612760,111
0021900551,2,20200107,4,0,4,1610612763,119,1610612750,112
0021900552,2,20200107,4,0,4,1610612756,103,1610612758,114
0021900553,2,20200107,4,0,4,1610612747,117,1610612752,87
0021900554,2,20200108,4,0,4,1610612738,114,1610612759,129
0021900555,2,20200108,5,0,4,1610612766,110,1610612761,112
0021900556,2,20200108,4,0,4,1610612754,108,1610612748,122
0021900557,2,20200108,4,0,4,1610612753,123,1610612764,89
0021900558,2,20200108,4,0,4,1610612737,115,1610612745,122
0021900559,2,20200108,4,0,4,1610612742,106,1610612743,107
0021900560,2,20200108,4,0,4,1610612740,123,1610612741,108
0021900561,2,20200108,4,0,4,1610612762,128,1610612752,104
0021900562,2,20200108,4,0,4,1610612744,98,1610612749,107
0021900563,2,20200109,5,0,4,1610612765,112,1610612739,115
0021900564,2,20200109,4,0,4,1610612755,109,1610612738,98
0021900565,2,20200109,4,0,4,1610612750,116,1610612757,102
0021900566,2,20200109,4,0,4,1610612760,113,1610612745,92
0021900567,2,20200110,4,0,4,1610612764,111,1610612737,101
0021900569,2,20200110,4,0,4,1610612752,111,1610612740,123
0021900568,2,20200110,4,0,4,1610612751,117,1610612748,113
0021900570,2,20200110,4,0,4,1610612741,105,1610612754,116
0021900571,2,20200110,4,0,4,1610612763,134,1610612759,121
0021900573,2,20200110,4,0,4,1610612756,98,1610612753,94
0021900574,2,20200110,4,0,4,1610612762,109,1610612766,92
0021900572,2,20200110,4,0,4,1610612742,114,1610612747,129
0021900575,2,20200110,4,0,4,1610612758,106,1610612749,127
0021900576,2,20200110,4,0,4,1610612746,109,1610612744,100
0021900577,2,20200111,4,0,4,1610612745,139,1610612750,109
0021900578,2,20200111,4,0,4,1610612738,140,1610612740,105
0021900579,2,20200111,4,0,4,1610612765,99,1610612741,108
0021900580,2,20200111,4,0,4,1610612760,110,1610612747,125
0021900581,2,20200111,4,0,4,1610612742,109,1610612755,91
0021900582,2,20200111,4,0,4,1610612743,103,1610612739,111
0021900583,2,20200111,4,0,4,1610612757,101,1610612749,122
0021900584,2,20200112,4,0,4,1610612752,124,1610612748,121
0021900585,2,20200112,4,0,4,1610612764,116,1610612762,127
0021900586,2,20200112,4,0,4,1610612751,108,1610612737,86
0021900587,2,20200112,4,0,4,1610612761,104,1610612759,105
0021900588,2,20200112,4,0,4,1610612763,122,1610612744,102
0021900589,2,20200112,4,0,4,1610612743,114,1610612746,104
0021900590,2,20200112,4,0,4,1610612756,100,1610612766,92
0021900591,2,20200113,5,0,4,1610612765,110,1610612740,117
0021900592,2,20200113,4,0,4,1610612754,101,1610612755,95
0021900593,2,20200113,4,0,4,1610612738,113,1610612741,101
0021900594,2,20200113,4,0,4,1610612750,104,1610612760,117
0021900595,2,20200113,4,0,4,1610612757,115,1610612766,112
0021900596,2,20200113,4,0,4,1610612758,112,1610612753,114
0021900597,2,20200113,4,0,4,1610612747,128,1610612739,99
0021900598,2,20200114,4,0,4,1610612737,123,1610612756,110
0021900599,2,20200114,4,0,4,1610612751,107,1610612762,118
0021900600,2,20200114,4,0,4,1610612763,121,1610612745,110
0021900601,2,20200114,4,0,4,1610612749,128,1610612752,102
0021900602,2,20200114,4,0,4,1610612744,97,1610612742,124
0021900603,2,20200114,4,0,4,1610612746,128,1610612739,103
0021900604,2,20200115,4,0,4,1610612738,103,1610612765,116
0021900605,2,20200115,4,0,4,1610612755,117,1610612751,106
0021900606,2,20200115,4,0,4,1610612748,106,1610612759,100
0021900607,2,20200115,4,0,4,1610612741,115,1610612764,106
0021900608,2,20200115,4,0,4,1610612750,99,1610612754,104
0021900609,2,20200115,4,0,4,1610612760,121,1610612761,130
0021900610,2,20200115,4,0,4,1610612743,100,1610612766,86
0021900611,2,20200115,4,0,4,1610612745,107,1610612757,117
0021900612,2,20200115,4,0,4,1610612758,123,1610612742,127
0021900613,2,20200115,4,0,4,1610612747,118,1610612753,119
0021900614,2,20200116,4,0,4,1610612752,98,1610612756,121
0021900615,2,20200116,4,0,4,1610612749,128,1610612738,123
0021900616,2,20200116,5,0,4,1610612740,138,1610612762,132
0021900617,2,20200116,5,0,4,1610612744,131,1610612743,134
0021900618,2,20200116,4,0,4,1610612746,122,1610612753,95
0021900619,2,20200117,4,0,4,1610612754,116,1610612750,114
0021900620,2,20200117,4,0,4,1610612755,100,1610612741,89
0021900621,2,20200117,4,0,4,1610612761,140,1610612764,111
0021900622,2,20200117,4,0,4,1610612763,113,1610612739,109
0021900623,2,20200117,4,0,4,1610612760,108,1610612748,115
0021900624,2,20200117,4,0,4,1610612759,120,1610612737,121
0021900625,2,20200117,4,0,4,1610612742,120,1610612757,112
0021900626,2,20200118,4,0,4,1610612740,130,1610612746,133
0021900627,2,20200118,4,0,4,1610612751,97,1610612749,117
0021900628,2,20200118,4,0,4,1610612738,119,1610612756,123
0021900629,2,20200118,4,0,4,1610612737,103,1610612765,136
0021900630,2,20200118,4,0,4,1610612752,87,1610612755,90
0021900631,2,20200118,4,0,4,1610612741,118,1610612739,116
0021900632,2,20200118,4,0,4,1610612750,112,1610612761,122
0021900633,2,20200118,4,0,4,1610612745,115,1610612747,124
0021900634,2,20200118,4,0,4,1610612744,109,1610612753,95
0021900635,2,20200118,4,0,4,1610612760,119,1610612757,106
0021900636,2,20200118,4,0,4,1610612762,123,1610612758,101
0021900637,2,20200119,4,0,4,1610612759,107,1610612748,102
0021900638,2,20200119,4,0,4,1610612743,107,1610612754,115
0021900639,2,20200120,4,0,4,1610612764,106,1610612765,100
0021900640,2,20200120,4,0,4,1610612737,117,1610612761,122
0021900641,2,20200120,4,0,4,1610612751,111,1610612755,117
0021900642,2,20200120,4,0,4,1610612766,83,1610612753,106
0021900643,2,20200120,4,0,4,1610612739,86,1610612752,106
0021900644,2,20200120,5,0,4,1610612748,118,1610612758,113
0021900645,2,20200120,4,0,4,1610612745,107,1610612760,112
0021900646,2,20200120,4,0,4,1610612763,116,1610612740,126
0021900647,2,20200120,4,0,4,1610612749,111,1610612741,98
0021900648,2,20200120,4,0,4,1610612738,139,1610612747,107
0021900649,2,20200120,4,0,4,1610612750,100,1610612743,107
0021900650,2,20200120,4,0,4,1610612756,118,1610612759,120
0021900651,2,20200120,4,0,4,1610612762,118,1610612754,88
0021900652,2,20200120,5,0,4,1610612757,129,1610612744,124
0021900653,2,20200121,4,0,4,1610612742,107,1610612746,110
0021900654,2,20200122,4,0,4,1610612765,127,1610612758,106
0021900655,2,20200122,4,0,4,1610612753,114,1610612760,120
0021900660,2,20200122,4,0,4,1610612761,107,1610612755,95
0021900656,2,20200122,4,0,4,1610612737,102,1610612746,95
0021900657,2,20200122,4,0,4,1610612738,119,1610612763,95
0021900658,2,20200122,5,0,4,1610612748,134,1610612764,129
0021900659,2,20200122,4,0,4,1610612752,92,1610612747,100
0021900661,2,20200122,4,0,4,1610612741,117,1610612750,110
0021900662,2,20200122,4,0,4,1610612745,121,1610612743,105
0021900664,2,20200122,4,0,4,1610612756,87,1610612754,112
0021900663,2,20200122,4,0,4,1610612740,117,1610612759,121
0021900665,2,20200122,4,0,4,1610612744,96,1610612762,129
0021900666,2,20200123,4,0,4,1610612739,112,1610612764,124
0021900667,2,20200123,4,0,4,1610612751,113,1610612747,128
0021900668,2,20200123,4,0,4,1610612757,125,1610612742,133
0021900669,2,20200124,4,0,4,1610612766,103,1610612749,116
0021900670,2,20200124,4,0,4,1610612765,112,1610612763,125
0021900671,2,20200124,4,0,4,1610612753,98,1610612738,109
0021900672,2,20200124,4,0,4,1610612752,112,1610612761,118
0021900673,2,20200124,4,0,4,1610612748,117,1610612746,122
0021900674,2,20200124,4,0,4,1610612741,81,1610612758,98
0021900675,2,20200124,4,0,4,1610612750,124,1610612745,131
0021900676,2,20200124,4,0,4,1610612740,106,1610612743,113
0021900677,2,20200124,4,0,4,1610612760,140,1610612737,111
0021900678,2,20200124,4,0,4,1610612759,99,1610612756,103
0021900679,2,20200124,4,0,4,1610612744,118,1610612754,129
0021900680,2,20200125,4,0,4,1610612762,112,1610612742,107
0021900681,2,20200125,5,0,4,1610612765,111,1610612751,121
0021900682,2,20200125,4,0,4,1610612739,106,1610612741,118
0021900683,2,20200125,4,0,4,1610612750,104,1610612760,113
0021900684,2,20200125,4,0,4,1610612755,108,1610612747,91
0021900685,2,20200126,4,0,4,1610612743,117,1610612745,110
0021900686,2,20200126,4,0,4,1610612759,106,1610612761,110
0021900687,2,20200126,4,0,4,1610612737,152,1610612764,133
0021900688,2,20200126,4,0,4,1610612752,110,1610612751,97
0021900689,2,20200126,4,0,4,1610612753,97,1610612746,112
0021900690,2,20200126,4,0,4,1610612763,114,1610612756,109
0021900691,2,20200126,4,0,4,1610612740,123,1610612738,108
0021900692,2,20200126,4,0,4,1610612757,139,1610612754,129
0021900693,2,20200127,4,0,4,1610612765,100,1610612739,115
0021900694,2,20200127,4,0,4,1610612748,113,1610612753,92
0021900695,2,20200127,4,0,4,1610612741,110,1610612759,109
0021900696,2,20200127,5,0,4,1610612750,129,1610612758,133
0021900697,2,20200127,4,0,4,1610612760,97,1610612742,107
0021900698,2,20200127,4,0,4,1610612762,117,1610612745,126
0021900699,2,20200128,4,0,4,1610612766,97,1610612752,92
0021900702,2,20200128,4,0,4,1610612755,115,1610612744,104
0021900700,2,20200128,4,0,4,1610612739,111,1610612740,125
0021900703,2,20200128,4,0,4,1610612761,130,1610612737,114
0021900701,2,20200128,4,0,4,1610612748,101,1610612738,109
0021900704,2,20200128,4,0,4,1610612763,104,1610612743,96
0021900705,2,20200128,4,0,4,1610612749,151,1610612764,131
0021900706,2,20200128,4,0,4,1610612742,104,1610612756,133
0021900708,2,20200129,5,0,4,1610612754,115,1610612741,106
0021900709,2,20200129,4,0,4,1610612751,125,1610612765,115
0021900710,2,20200129,4,0,4,1610612752,106,1610612763,127
0021900711,2,20200129,4,0,4,1610612759,127,1610612762,120
0021900712,2,20200129,4,0,4,1610612757,125,1610612745,112
0021900713,2,20200129,4,0,4,1610612758,100,1610612760,120
0021900714,2,20200130,4,0,4,1610612739,109,1610612761,115
0021900715,2,20200130,4,0,4,1610612764,121,1610612766,107
0021900716,2,20200130,4,0,4,1610612737,127,1610612755,117
0021900717,2,20200130,4,0,4,1610612738,119,1610612744,104
0021900718,2,20200130,4,0,4,1610612743,106,1610612762,100
0021900719,2,20200130,4,0,4,1610612746,103,1610612758,124
0021900720,2,20200131,4,0,4,1610612765,92,1610612761,105
0021900721,2,20200131,4,0,4,1610612751,133,1610612741,118
0021900722,2,20200131,4,0,4,1610612745,128,1610612742,121
0021900723,2,20200131,4,0,4,1610612740,139,1610612763,111
0021900724,2,20200131,4,0,4,1610612749,115,1610612743,127
0021900725,2,20200131,4,0,4,1610612756,107,1610612760,111
0021900726,2,20200131,4,0,4,1610612747,119,1610612757,127
0021900727,2,20200201,4,0,4,1610612746,118,1610612750,106
0021900728,2,20200201,4,0,4,1610612754,85,1610612752,92
0021900729,2,20200201,4,0,4,1610612753,89,1610612748,102
0021900730,2,20200201,4,0,4,1610612739,112,1610612744,131
0021900731,2,20200201,4,0,4,1610612764,113,1610612751,107
0021900732,2,20200201,4,0,4,1610612738,116,1610612755,95
0021900733,2,20200201,4,0,4,1610612742,123,1610612737,100
0021900734,2,20200201,4,0,4,1610612759,114,1610612766,90
0021900736,2,20200201,4,0,4,1610612758,113,1610612747,129
0021900735,2,20200201,4,0,4,1610612757,124,1610612762,107
0021900737,2,20200202,5,0,4,1610612765,128,1610612743,123
0021900738,2,20200202,4,0,4,1610612745,117,1610612740,109
0021900739,2,20200202,4,0,4,1610612749,129,1610612756,108
0021900740,2,20200202,4,0,4,1610612761,129,1610612741,102
0021900741,2,20200203,4,0,4,1610612766,100,1610612753,112
0021900742,2,20200203,5,0,4,1610612739,134,1610612752,139
0021900743,2,20200203,4,0,4,1610612754,103,1610612742,112
0021900744,2,20200203,4,0,4,1610612764,117,1610612744,125
0021900745,2,20200203,4,0,4,1610612737,115,1610612738,123
0021900746,2,20200203,4,0,4,1610612751,119,1610612756,97
0021900747,2,20200203,4,0,4,1610612748,137,1610612755,106
0021900748,2,20200203,4,0,4,1610612763,96,1610612765,82
0021900749,2,20200203,4,0,4,1610612758,113,1610612750,109
0021900750,2,20200203,4,0,4,1610612746,108,1610612759,105
0021900751,2,20200204,4,0,4,1610612740,108,1610612749,120
0021900752,2,20200204,4,0,4,1610612745,125,1610612766,110
0021900753,2,20200204,4,0,4,1610612743,127,1610612757,99
0021900754,2,20200204,4,0,4,1610612747,129,1610612759,102
0021900755,2,20200205,4,0,4,1610612765,116,1610612756,108
0021900756,2,20200205,4,0,4,1610612738,116,1610612753,100
0021900757,2,20200205,4,0,4,1610612751,129,1610612744,88
0021900758,2,20200205,4,0,4,1610612761,119,1610612754,118
0021900759,2,20200205,4,0,4,1610612750,120,1610612737,127
0021900760,2,20200205,4,0,4,1610612760,109,1610612739,103
0021900761,2,20200205,4,0,4,1610612742,107,1610612763,121
0021900762,2,20200205,4,0,4,1610612762,95,1610612743,98
0021900763,2,20200205,4,0,4,1610612746,128,1610612748,111
0021900764,2,20200206,4,0,4,1610612752,105,1610612753,103
0021900765,2,20200206,4,0,4,1610612741,119,1610612740,125
0021900766,2,20200206,4,0,4,1610612749,112,1610612755,101
0021900767,2,20200206,4,0,4,1610612757,125,1610612759,117
0021900768,2,20200206,4,0,4,1610612747,111,1610612745,121
0021900769,2,20200207,4,0,4,1610612755,119,1610612763,107
0021900770,2,20200207,4,0,4,1610612764,119,1610612742,118
0021900771,2,20200207,4,0,4,1610612738,112,1610612737,107
0021900772,2,20200207,4,0,4,1610612754,106,1610612761,115
0021900773,2,20200207,4,0,4,1610612760,108,1610612765,101
0021900774,2,20200207,4,0,4,1610612756,127,1610612745,91
0021900775,2,20200207,4,0,4,1610612758,105,1610612748,97
0021900776,2,20200207,4,0,4,1610612762,117,1610612757,114
0021900777,2,20200208,4,0,4,1610612753,95,1610612749,111
0021900778,2,20200208,4,0,4,1610612766,100,1610612742,116
0021900779,2,20200208,4,0,4,1610612765,92,1610612752,95
0021900780,2,20200208,4,0,4,1610612754,117,1610612740,124
0021900781,2,20200208,4,0,4,1610612761,119,1610612751,118
0021900782,2,20200208,4,0,4,1610612750,142,1610612746,115
0021900783,2,20200208,4,0,4,1610612744,120,1610612747,125
0021900784,2,20200208,4,0,4,1610612756,108,1610612743,117
0021900785,2,20200208,4,0,4,1610612758,122,1610612759,102
0021900786,2,20200209,4,0,4,1610612760,111,1610612738,112
0021900787,2,20200209,6,0,4,1610612737,140,1610612752,135
0021900788,2,20200209,4,0,4,1610612755,118,1610612741,111
0021900789,2,20200209,4,0,4,1610612764,99,1610612763,106
0021900790,2,20200209,4,0,4,1610612745,113,1610612762,114
0021900791,2,20200209,4,0,4,1610612739,92,1610612746,133
0021900792,2,20200209,4,0,4,1610612757,115,1610612748,109
0021900793,2,20200210,4,0,4,1610612765,76,1610612766,87
0021900794,2,20200210,4,0,4,1610612754,105,1610612751,106
0021900795,2,20200210,4,0,4,1610612753,135,1610612737,126
0021900796,2,20200210,4,0,4,1610612761,137,1610612750,126
0021900797,2,20200210,4,0,4,1610612749,123,1610612758,111
0021900798,2,20200210,4,0,4,1610612742,119,1610612762,123
0021900799,2,20200210,4,0,4,1610612743,127,1610612759,120
0021900800,2,20200210,4,0,4,1610612744,101,1610612748,113
0021900801,2,20200210,4,0,4,1610612747,125,1610612756,100
0021900802,2,20200211,4,0,4,1610612755,110,1610612746,103
0021900803,2,20200211,4,0,4,1610612764,126,1610612741,114
0021900804,2,20200211,4,0,4,1610612740,138,1610612757,117
0021900805,2,20200211,4,0,4,1610612760,106,1610612759,114
0021900806,2,20200211,4,0,4,1610612745,116,1610612738,105
0021900807,2,20200212,4,0,4,1610612739,127,1610612737,105
0021900808,2,20200212,5,0,4,1610612753,116,1610612765,112
0021900809,2,20200212,4,0,4,1610612751,101,1610612761,91
0021900810,2,20200212,4,0,4,1610612754,118,1610612749,111
0021900811,2,20200212,4,0,4,1610612752,96,1610612764,114
0021900812,2,20200212,4,0,4,1610612763,111,1610612757,104
0021900813,2,20200212,4,0,4,1610612750,108,1610612766,115
0021900814,2,20200212,4,0,4,1610612742,130,1610612758,111
0021900815,2,20200212,4,0,4,1610612756,112,1610612744,106
0021900816,2,20200212,4,0,4,1610612762,116,1610612748,101
0021900817,2,20200212,5,0,4,1610612743,116,1610612747,120
0021900818,2,20200213,6,0,4,1610612738,141,1610612746,133
0021900819,2,20200213,4,0,4,1610612740,118,1610612760,123
0031900002,3,20200214,4,0,4,1610616843,151,1610616844,131
0031900099,3,20200215,0,0,4,1699999998,,1699999999,
0031900001,3,20200216,4,0,4,1610616833,155,1610616834,157
0021900820,2,20200220,4,0,4,1610612765,106,1610612749,126
0021900821,2,20200220,4,0,4,1610612737,129,1610612748,124
0021900822,2,20200220,5,0,4,1610612755,112,1610612751,104
0021900823,2,20200220,4,0,4,1610612741,93,1610612766,103
0021900824,2,20200220,4,0,4,1610612758,129,1610612763,125
0021900825,2,20200220,4,0,4,1610612744,105,1610612745,135
0021900826,2,20200221,4,0,4,1610612753,106,1610612742,122
0021900827,2,20200221,4,0,4,1610612764,108,1610612739,113
0021900828,2,20200221,4,0,4,1610612752,98,1610612754,106
0021900829,2,20200221,4,0,4,1610612761,118,1610612756,101
0021900830,2,20200221,4,0,4,1610612750,117,1610612738,127
0021900831,2,20200221,4,0,4,1610612760,113,1610612743,101
0021900832,2,20200221,4,0,4,1610612762,104,1610612759,113
0021900833,2,20200221,4,0,4,1610612747,117,1610612763,105
0021900834,2,20200221,4,0,4,1610612757,115,1610612740,128
0021900835,2,20200222,4,0,4,1610612746,103,1610612758,112
0021900836,2,20200222,4,0,4,1610612766,86,1610612751,115
0021900837,2,20200222,4,0,4,1610612737,111,1610612742,107
0021900838,2,20200222,4,0,4,1610612748,124,1610612739,105
0021900839,2,20200222,4,0,4,1610612741,104,1610612756,112
0021900840,2,20200222,4,0,4,1610612749,119,1610612755,98
0021900841,2,20200222,4,0,4,1610612762,110,1610612745,120
0021900842,2,20200223,4,0,4,1610612747,114,1610612738,112
0021900843,2,20200223,4,0,4,1610612761,127,1610612754,81
0021900844,2,20200223,4,0,4,1610612743,128,1610612750,116
0021900845,2,20200223,4,0,4,1610612741,126,1610612764,117
0021900846,2,20200223,4,0,4,1610612760,131,1610612759,103
0021900847,2,20200223,4,0,4,1610612744,101,1610612740,115
0021900848,2,20200223,4,0,4,1610612757,107,1610612765,104
0021900849,2,20200224,5,0,4,1610612739,125,1610612748,119
0021900850,2,20200224,4,0,4,1610612755,129,1610612737,112
0021900851,2,20200224,5,0,4,1610612764,134,1610612749,137
0021900852,2,20200224,4,0,4,1610612751,113,1610612753,115
0021900853,2,20200224,4,0,4,1610612745,123,1610612752,112
0021900854,2,20200224,4,0,4,1610612742,139,1610612750,123
0021900855,2,20200224,4,0,4,1610612762,111,1610612756,131
0021900856,2,20200224,4,0,4,1610612746,124,1610612763,97
0021900857,2,20200225,4,0,4,1610612754,119,1610612766,80
0021900858,2,20200225,4,0,4,1610612761,97,1610612749,108
0021900859,2,20200225,4,0,4,1610612741,122,1610612760,124
0021900860,2,20200225,4,0,4,1610612743,115,1610612765,98
0021900861,2,20200225,4,0,4,1610612747,118,1610612740,109
0021900862,2,20200225,4,0,4,1610612757,106,1610612738,118
0021900863,2,20200225,4,0,4,1610612744,94,1610612758,112
0021900864,2,20200226,4,0,4,1610612766,107,1610612752,101
0021900865,2,20200226,4,0,4,1610612739,108,1610612755,94
0021900866,2,20200226,4,0,4,1610612764,110,1610612751,106
0021900867,2,20200226,4,0,4,1610612737,120,1610612753,130
0021900868,2,20200226,4,0,4,1610612748,126,1610612750,129
0021900870,2,20200226,4,0,4,1610612745,140,1610612763,112
0021900869,2,20200226,4,0,4,1610612759,103,1610612742,109
0021900871,2,20200226,4,0,4,1610612756,92,1610612746,102
0021900872,2,20200226,4,0,4,1610612762,103,1610612738,114
0021900873,2,20200227,4,0,4,1610612755,115,1610612752,106
0021900874,2,20200227,4,0,4,1610612754,106,1610612757,100
0021900875,2,20200227,4,0,4,1610612760,112,1610612758,108
0021900876,2,20200227,4,0,4,1610612744,86,1610612747,116
0021900877,2,20200228,4,0,4,1610612753,136,1610612750,125
0021900878,2,20200228,4,0,4,1610612737,141,1610612751,118
0021900879,2,20200228,4,0,4,1610612761,96,1610612766,99
0021900880,2,20200228,4,0,4,1610612748,126,1610612742,118
0021900881,2,20200228,4,0,4,1610612763,101,1610612758,104
0021900882,2,20200228,4,0,4,1610612749,133,1610612760,86
0021900883,2,20200228,4,0,4,1610612740,116,1610612739,104
0021900884,2,20200228,4,0,4,1610612756,111,1610612765,113
0021900885,2,20200228,4,0,4,1610612762,129,1610612764,119
0021900886,2,20200228,4,0,4,1610612746,132,1610612743,103
0021900887,2,20200229,4,0,4,1610612752,125,1610612741,115
0021900888,2,20200229,4,0,4,1610612737,129,1610612757,117
0021900889,2,20200229,4,0,4,1610612748,116,1610612751,113
0021900890,2,20200229,4,0,4,1610612739,104,1610612754,113
0021900891,2,20200229,4,0,4,1610612763,105,1610612747,88
0021900892,2,20200229,5,0,4,1610612738,110,1610612745,111
0021900893,2,20200229,4,0,4,1610612759,114,1610612753,113
0021900894,2,20200229,4,0,4,1610612756,99,1610612744,115
0021900895,2,20200301,4,0,4,1610612766,85,1610612749,93
0021900896,2,20200301,4,0,4,1610612750,91,1610612742,111
0021900897,2,20200301,4,0,4,1610612746,136,1610612755,130
0021900898,2,20200301,4,0,4,1610612743,133,1610612761,118
0021900899,2,20200301,4,0,4,1610612758,106,1610612765,100
0021900900,2,20200301,4,0,4,1610612740,114,1610612747,122
0021900901,2,20200301,4,0,4,1610612744,110,1610612764,124
0021900902,2,20200302,4,0,4,1610612739,113,1610612762,126
0021900903,2,20200302,4,0,4,1610612752,125,1610612745,123
0021900904,2,20200302,4,0,4,1610612753,107,1610612757,130
0021900905,2,20200302,4,0,4,1610612737,88,1610612763,127
0021900906,2,20200302,4,0,4,1610612748,105,1610612749,89
0021900907,2,20200302,4,0,4,1610612741,109,1610612742,107
0021900908,2,20200302,4,0,4,1610612759,111,1610612754,116
0021900909,2,20200303,4,0,4,1610612766,103,1610612759,104
0021900910,2,20200303,5,0,4,1610612738,120,1610612751,129
0021900911,2,20200303,4,0,4,1610612740,134,1610612750,139
0021900912,2,20200303,4,0,4,1610612760,94,1610612746,109
0021900913,2,20200303,4,0,4,1610612743,100,1610612744,116
0021900914,2,20200303,4,0,4,1610612756,114,1610612761,123
0021900915,2,20200303,4,0,4,1610612747,120,1610612755,107
0021900916,2,20200303,4,0,4,1610612758,133,1610612764,126
0021900917,2,20200304,4,0,4,1610612739,106,1610612738,112
0021900918,2,20200304,4,0,4,1610612765,107,1610612760,114
0021900924,2,20200304,4,0,4,1610612749,119,1610612754,100
0021900919,2,20200304,4,0,4,1610612748,116,1610612753,113
0021900920,2,20200304,4,0,4,1610612751,79,1610612763,118
0021900921,2,20200304,4,0,4,1610612752,104,1610612762,112
0021900922,2,20200304,4,0,4,1610612750,115,1610612741,108
0021900923,2,20200304,5,0,4,1610612742,127,1610612740,123
0021900925,2,20200304,4,0,4,1610612757,125,1610612764,104
0021900926,2,20200305,4,0,4,1610612766,112,1610612743,114
0021900927,2,20200305,4,0,4,1610612745,105,1610612746,120
0021900928,2,20200305,4,0,4,1610612758,108,1610612755,125
0021900929,2,20200305,4,0,4,1610612744,113,1610612761,121
0021900930,2,20200306,4,0,4,1610612764,118,1610612737,112
0021900931,2,20200306,4,0,4,1610612751,139,1610612759,120
0021900932,2,20200306,4,0,4,1610612752,103,1610612760,126
0021900933,2,20200306,4,0,4,1610612738,94,1610612762,99
0021900934,2,20200306,4,0,4,1610612741,102,1610612754,108
0021900935,2,20200306,4,0,4,1610612750,118,1610612753,132
0021900936,2,20200306,4,0,4,1610612740,110,1610612748,104
0021900937,2,20200306,4,0,4,1610612742,121,1610612763,96
0021900938,2,20200306,4,0,4,1610612756,127,1610612757,117
0021900939,2,20200306,4,0,4,1610612747,113,1610612749,103
0021900940,2,20200307,4,0,4,1610612766,108,1610612745,99
0021900941,2,20200307,4,0,4,1610612765,105,1610612762,111
0021900942,2,20200307,4,0,4,1610612739,104,1610612743,102
0021900943,2,20200307,4,0,4,1610612763,118,1610612737,101
0021900944,2,20200307,4,0,4,1610612744,118,1610612755,114
0021900945,2,20200307,4,0,4,1610612757,111,1610612758,123
0021900946,2,20200308,4,0,4,1610612751,110,1610612741,107
0021900947,2,20200308,4,0,4,1610612750,107,1610612740,120
0021900948,2,20200308,4,0,4,1610612746,103,1610612747,112
0021900949,2,20200308,4,0,4,1610612738,104,1610612760,105
0021900950,2,20200308,4,0,4,1610612756,140,1610612749,131
0021900951,2,20200308,4,0,4,1610612764,89,1610612748,100
0021900952,2,20200308,4,0,4,1610612742,109,1610612754,112
0021900953,2,20200308,4,0,4,1610612745,106,1610612753,126
0021900954,2,20200308,5,0,4,1610612739,132,1610612759,129
0021900955,2,20200308,4,0,4,1610612752,96,1610612765,84
0021900956,2,20200308,4,0,4,1610612758,113,1610612761,118
0021900957,2,20200309,6,0,4,1610612737,143,1610612766,138
0021900958,2,20200309,4,0,4,1610612743,109,1610612749,95
0021900959,2,20200309,4,0,4,1610612762,92,1610612761,101
0021900960,2,20200310,4,0,4,1610612754,111,1610612738,114
0021900961,2,20200310,4,0,4,1610612764,122,1610612752,115
0021900962,2,20200310,4,0,4,1610612741,108,1610612739,103
0021900963,2,20200310,4,0,4,1610612745,117,1610612750,111
0021900964,2,20200310,4,0,4,1610612763,115,1610612753,120
0021900965,2,20200310,4,0,4,1610612759,119,1610612742,109
0021900966,2,20200310,4,0,4,1610612757,121,1610612756,105
0021900967,2,20200310,4,0,4,1610612744,107,1610612746,131
0021900968,2,20200310,4,0,4,1610612747,102,1610612751,104
0021900971,2,20200311,4,0,4,1610612755,124,1610612765,106
0021900969,2,20200311,5,0,4,1610612737,131,1610612752,136
0021900970,2,20200311,4,0,4,1610612748,98,1610612766,109
0021900973,2,20200311,4,0,4,1610612742,113,1610612743,97
0011900101,1,20200722,4,0,4,1610612746,99,1610612753,90
0011900102,1,20200722,4,0,4,1610612743,89,1610612764,82
0011900103,1,20200722,4,0,4,1610612751,68,1610612740,99
0011900104,1,20200722,4,0,4,1610612748,104,1610612758,98
0011900105,1,20200723,4,0,4,1610612749,113,1610612759,92
0011900106,1,20200723,4,0,4,1610612754,91,1610612757,88
0011900107,1,20200723,4,0,4,1610612747,104,1610612742,108
0011900108,1,20200723,4,0,4,1610612762,88,1610612756,101
0011900109,1,20200724,4,0,4,1610612755,90,1610612763,83
0011900110,1,20200724,4,0,4,1610612738,84,1610612760,98
0011900111,1,20200724,4,0,4,1610612761,94,1610612745,83
0011900112,1,20200725,4,0,4,1610612753,112,1610612747,119
0011900113,1,20200725,4,0,4,1610612758,123,1610612749,131
0011900114,1,20200725,4,0,4,1610612762,101,1610612748,99
0011900115,1,20200725,4,0,4,1610612759,119,1610612751,124
0011900116,1,20200725,4,0,4,1610612764,100,1610612746,105
0011900117,1,20200725,4,0,4,1610612740,119,1610612743,104
0011900118,1,20200726,2,0,4,1610612760,,1610612755,
0011900119,1,20200726,1,0,4,1610612738,,1610612756,
0011900120,1,20200726,0,0,4,1610612742,,1610612754,
0011900121,1,20200726,0,0,4,1610612761,,1610612757,
0011900122,1,20200726,0,0,4,1610612763,,1610612745,
0011900123,1,20200727,0,0,4,1610612747,,1610612764,
0011900124,1,20200727,0,0,4,1610612746,,1610612758,
0011900125,1,20200727,0,0,4,1610612751,,1610612762,
0011900126,1,20200727,0,0,4,1610612743,,1610612753,
0011900127,1,20200727,0,0,4,1610612749,,1610612740,
0011900128,1,20200728,0,0,4,1610612748,,1610612763,
0011900129,1,20200728,0,0,4,1610612756,,1610612761,
0011900130,1,20200728,0,0,4,1610612754,,1610612759,
0011900131,1,20200728,0,0,4,1610612757,,1610612760,
0011900132,1,20200728,0,0,4,1610612745,,1610612738,
0011900133,1,20200728,0,0,4,1610612755,,1610612742,
0021901231,2,20200730,0,0,4,1610612740,,1610612762,
0021901232,2,20200730,0,0,4,1610612747,,1610612746,
0021901233,2,20200731,0,0,4,1610612751,,1610612753,
0021901234,2,20200731,0,0,4,1610612757,,1610612763,
0021901235,2,20200731,0,0,4,1610612764,,1610612756,
0021901236,2,20200731,0,0,4,1610612749,,1610612738,
0021901237,2,20200731,0,0,4,1610612759,,1610612758,
0021901238,2,20200731,0,0,4,1610612742,,1610612745,
0021901239,2,20200801,0,0,4,1610612743,,1610612748,
0021901240,2,20200801,0,0,4,1610612760,,1610612762,
0021901241,2,20200801,0,0,4,1610612746,,1610612740,
0021901242,2,20200801,0,0,4,1610612754,,1610612755,
0021901243,2,20200801,0,0,4,1610612761,,1610612747,
0021901244,2,20200802,0,0,4,1610612751,,1610612764,
0021901245,2,20200802,0,0,4,1610612738,,1610612757,
0021901246,2,20200802,0,0,4,1610612763,,1610612759,
0021901247,2,20200802,0,0,4,1610612753,,1610612758,
0021901248,2,20200802,0,0,4,1610612745,,1610612749,
0021901249,2,20200802,0,0,4,1610612756,,1610612742,
0021901250,2,20200803,0,0,4,1610612748,,1610612761,
0021901251,2,20200803,0,0,4,1610612760,,1610612743,
0021901252,2,20200803,0,0,4,1610612764,,1610612754,
0021901253,2,20200803,0,0,4,1610612740,,1610612763,
0021901254,2,20200803,0,0,4,1610612755,,1610612759,
0021901255,2,20200803,0,0,4,1610612762,,1610612747,
0021901256,2,20200804,0,0,4,1610612749,,1610612751,
0021901257,2,20200804,0,0,4,1610612758,,1610612742,
0021901258,2,20200804,0,0,4,1610612746,,1610612756,
0021901259,2,20200804,0,0,4,1610612754,,1610612753,
0021901260,2,20200804,0,0,4,1610612748,,1610612738,
0021901261,2,20200804,0,0,4,1610612757,,1610612745,
0021901262,2,20200805,0,0,4,1610612762,,1610612763,
0021901263,2,20200805,0,0,4,1610612764,,1610612755,
0021901264,2,20200805,0,0,4,1610612759,,1610612743,
0021901265,2,20200805,0,0,4,1610612747,,1610612760,
0021901266,2,20200805,0,0,4,1610612753,,1610612761,
0021901267,2,20200805,0,0,4,1610612738,,1610612751,
0021901268,2,20200806,0,0,4,1610612758,,1610612740,
0021901269,2,20200806,0,0,4,1610612749,,1610612748,
0021901270,2,20200806,0,0,4,1610612756,,1610612754,
0021901271,2,20200806,0,0,4,1610612742,,1610612746,
0021901272,2,20200806,0,0,4,1610612743,,1610612757,
0021901273,2,20200806,0,0,4,1610612745,,1610612747,
0021901274,2,20200807,0,0,4,1610612759,,1610612762,
0021901275,2,20200807,0,0,4,1610612763,,1610612760,
0021901276,2,20200807,0,0,4,1610612751,,1610612758,
0021901277,2,20200807,0,0,4,1610612755,,1610612753,
0021901278,2,20200807,0,0,4,1610612740,,1610612764,
0021901279,2,20200807,0,0,4,1610612761,,1610612738,
0021901280,2,20200808,0,0,4,1610612757,,1610612746,
0021901281,2,20200808,0,0,4,1610612743,,1610612762,
0021901282,2,20200808,0,0,4,1610612754,,1610612747,
0021901283,2,20200808,0,0,4,1610612748,,1610612756,
0021901284,2,20200808,0,0,4,1610612742,,1610612749,
0021901285,2,20200809,0,0,4,1610612760,,1610612764,
0021901286,2,20200809,0,0,4,1610612761,,1610612763,
0021901287,2,20200809,0,0,4,1610612740,,1610612759,
0021901288,2,20200809,0,0,4,1610612738,,1610612753,
0021901289,2,20200809,0,0,4,1610612757,,1610612755,
0021901290,2,20200809,0,0,4,1610612758,,1610612745,
0021901291,2,20200809,0,0,4,1610612746,,1610612751,
0021901292,2,20200810,0,0,4,1610612756,,1610612760,
0021901293,2,20200810,0,0,4,1610612762,,1610612742,
0021901294,2,20200810,0,0,4,1610612749,,1610612761,
0021901295,2,20200810,0,0,4,1610612748,,1610612754,
0021901296,2,20200810,0,0,4,1610612747,,1610612743,
0021901297,2,20200811,0,0,4,1610612753,,1610612751,
0021901298,2,20200811,0,0,4,1610612759,,1610612745,
0021901299,2,20200811,0,0,4,1610612755,,1610612756,
0021901300,2,20200811,0,0,4,1610612742,,1610612757,
0021901301,2,20200811,0,0,4,1610612763,,1610612738,
0021901302,2,20200811,0,0,4,1610612758,,1610612740,
0021901303,2,20200811,0,0,4,1610612764,,1610612749,
0021901304,2,20200812,0,0,4,1610612745,,1610612754,
0021901305,2,20200812,0,0,4,1610612755,,1610612761,
0021901306,2,20200812,0,0,4,1610612760,,1610612748,
0021901307,2,20200812,0,0,4,1610612743,,1610612746,
0021901308,2,20200813,0,0,4,1610612738,,1610612764,
0021901309,2,20200813,0,0,4,1610612751,,1610612757,
0021901310,2,20200813,0,0,4,1610612747,,1610612758,
0021901311,2,20200813,0,0,4,1610612763,,1610612749,
0021901312,2,20200813,0,0,4,1610612753,,1610612740,
0021901313,2,20200813,0,0,4,1610612756,,1610612742,
0021901314,2,20200813,0,0,4,1610612762,,1610612759,
0021901315,2,20200814,0,0,4,1610612745,,1610612755,
0021901316,2,20200814,0,0,4,1610612754,,1610612748,
0021901317,2,20200814,0,0,4,1610612746,,1610612760,
0021901318,2,20200814,0,0,4,1610612761,,1610612743,
